# blog redirects
/blog/2018-09-08-cosmos-db-for-data-science/ /blog/cosmos-db-for-datascience/ 301
/setting-up-wordpress-on-azure/ /blog/setting-up-wordpress-on-azure/ 301
/objectless-chec-boxes-using-vba/ /blog/objectless-check-boxes-using-vba/ 301
/time-to-go-home/ /blog/time-to-go-home/ 301
/center-across-selection/ /blog/center-across-selection/ 301
/making-charts-with-conditionally-coloured-series/ /blog/making-charts-with-conditionally-coloured-series/ 301
/synchronising-schema-between-mssql-mysql-with-ssis/ /blog/synchronising-schema-between-mssql--mysql-with-ssis/ 301
/user-group-presentation/ /blog/user-group-presentation/ 301
/dynamic-named-ranges-the-basics/ /blog/dynamic-named-ranges--the-basics/ 301
/my-daynight-cycle-demo/ /blog/my-day/night-cycle-demo/ 301
/my-first-platformer/ /blog/my-first-platformer/ 301
/ssis-basics-and-gotchas-presentation-and-resources/ /blog/ssis-basics-and-gotchas--presentation-and-resources/ 301
/regex-functions-in-vba/ /blog/regex-functions-in-vba/ 301
/dynamic-named-range-generator/ /blog/dynamic-named-range-generator/ 301
/marketing-for-sqlrelay-in-the-beginning/ /blog/marketing-for-sqlrelay--in-the-beginning/ 301
/tired-of-right-clicking-on-folders-and-going-to-properties-to-get-the-folder-size/ /blog/tired-of-right-clicking-on-folders-and-going-to-properties-to-get-the-folder-size/ 301
/marketing-for-sqlrelay-two-weeks-in/ /blog/marketing-for-sqlrelay--two-weeks-in/ 301
/r-for-database-and-excel-people/ /blog/r-for-database-and-excel-people/ 301
/sqlrelay-cardiff-nov-13th/ /blog/sqlrelay-cardiff--nov-13th/ 301
/fiddly-ssrs/ /blog/fiddly-ssrs/ 301
/merry-christmas/ /blog/merry-christmas/ 301
/whereve-we-been/ /blog/whereve-we-been/ 301
/database-bi-related-unit-testing-options/ /blog/database-/-bi-related-unit-testing-options/ 301
/the-basics-of-common-table-expressions-ctes/ /blog/the-basics-of-common-table-expressions-ctes/ 301
/sql-cardiff-dates-announced/ /blog/sql-cardiff-dates-announced/ 301
/aggregate-on-a-lookup-in-ssrs/ /blog/aggregate-on-a-lookup-in-ssrs/ 301
/organised-speaking-session-abstracts/ /blog/organised-speaking--session-abstracts/ 301
/updated-site/ /blog/updated-site/ 301
/organised-speaking-prioritising-events-to-speak-at/ /blog/organised-speaking--prioritising-events-to-speak-at/ 301
/organised-speaking-throw-1/ /blog/organised-speaking--throw-1/ 301
/starting-the-cardiff-r-user-group/ /blog/starting-the-cardiff-r-user-group/ 301
/photoshop-image-macro-something-even-better/ /blog/photoshop-image-macro-or-something-even-better/ 301
/review-first-cardiff-r-user-group-meeting/ /blog/review-the-first-cardiff-r-user-group-meeting/ 301
/organised-speaking-intro-r-case-study/ /blog/organised-speaking--intro-to-r-case-study/ 301
/sqlsaturday-exeter-2015/ /blog/sqlsaturday-exeter-2015/ 301
/r-pre-con-sqlsat-exeter/ /blog/my-r-pre-con-sqlsat-exeter/ 301
/spell-check-spreadsheets/ /blog/spell-check-your-spreadsheets/ 301
/magrittr-cleaner-program-flow/ /blog/magrittr-cleaner-program-flow/ 301
/paul-randal-offers-mentoring/ /blog/paul-randal-offers-mentoring/ 301
/r-windows-weird-user-name-gotcha/ /blog/r-on-windows--weird-user-name-gotcha/ 301
/stuff-read-week/ /blog/stuff-i-read-this-week/ 301
/busy-month/ /blog/a-busy-month-or-so/ 301
/where-do-i-fit-in-the-microsoft-future/ /blog/where-do-i-fit-in-the-microsoft-future/ 301
/declutter-a-shiny-reports-code/ /blog/declutter-a-shiny-reports-code/ 301
/stuff-i-read-this-week-2/ /blog/stuff-i-read-this-week/ 301
/overcoming-social-anxiety-to-attend-user-groups/ /blog/overcoming-social-anxiety-to-attend-user-groups/ 301
/bride-of-frankenstein-tfs-r/ /blog/bride-of-frankenstein-tfs---r/ 301
/deployr-why-microsoft-bought-revolution/ /blog/deployr--why-microsoft-bought-revolution/ 301
/working-with-azure-blob-storage-rest-api/ /blog/working-with-azure-blob-storage-some-notes/ 301
/data-table-cookbook/ /blog/an-r-data.table-cookbook/ 301
/stuff-i-read-this-bit-more-than-a-week/ /blog/stuff-i-read-this-bit-more-than-a-week/ 301
/optirum-gini-like-a-wizard/ /blog/optirum--gini-like-a-wizard/ 301
/stuff-i-read-this-week-3/ /blog/stuff-i-read-this-week/ 301
/organised-speaking-improving-font-sizes/ /blog/organised-speaking--improving-font-sizes/ 301
/unified-diff-source-control-latex/ /blog/unified.diff-source-control-smells--latex/ 301
/easy-continuous-integration-for-r/ /blog/easy-continuous-integration-for-r/ 301
/sql-saturday-exeter-steph-ozs-slides/ /blog/sql-saturday-exeter-steph--ozs-slides/ 301
/optirum-presentation/ /blog/optirum--presentation/ 301
/how-many-is-too-many-conferences/ /blog/how-many-is-too-many-conferences/ 301
/sqlsaturday-portugal/ /blog/sqlsaturday-portugal/ 301
/automated-documentation-hosting-on-github-via-travis-ci/ /blog/automated-documentation-hosting-on-github-via-travis-ci/ 301
/auto-deploying-documentation-multiple-r-vignettes/ /blog/auto-deploying-documentation-multiple-r-vignettes/ 301
/custom-latex-beamer-style-templates-for-rmarkdown/ /blog/custom-latex-beamer-style-templates-for-rmarkdown/ 301
/r-training-day-mk2-sqlsatmcr/ /blog/r-training-day-mk2--sqlsatmcr/ 301
/sql-relay-is-here/ /blog/sql-relay-is-here/ 301
/dataops-its-a-thing-honest/ /blog/dataops--its-a-thing-honest/ 301
/boris-presentation-agency-356-labs/ /blog/boris-presentation-agency--356labs/ 301
/women-doing-technology/ /blog/women-doing-technology/ 301
/sqlsaturdays-but-for-r/ /blog/sqlsaturdays-but-for-r/ 301
/some-recent-posts-over-on-the-mango-blog/ /blog/some-recent-posts-over-on-the-mango-blog/ 301
/optirum-0-37-1-now-out/ /blog/optirum-0.37.1-now-out/ 301
/auto-deploying-documentation-faster/ /blog/auto-deploying-documentation-faster/ 301
/should-presenters-have-to-pay-to-attend/ /blog/should-presenters-have-to-pay-to-attend/ 301
/declutter-a-shiny-reports-code-v2-0/ /blog/declutter-a-shiny-reports-code-v2.0/ 301
/optirum-0-37-3-now-out/ /blog/optirum-0.37.3-now-out/ 301
/auto-deploying-documentation-rtraining/ /blog/auto-deploying-documentation-rtraining/ 301
/anchor-modelling-sixth-normal-form-databases/ /blog/anchor-modelling-sixth-normal-form-databases/ 301
/satrdays-final-push/ /blog/satrdays-final-push/ 301
/fixing-the-tiny-icons-big-text-issue-on-my-xps13/ /blog/fixing-the-tiny-icons-big-text-issue-on-my-xps13/ 301
/my-life-my-universe-my-everything/ /blog/my-life-my-universe-my-everything/ 301
/mockaroo-making-realistic-test-data-in-r/ /blog/mockaroo--making-realistic-test-data-in-r/ 301
/ssh-tunnels-windows-r/ /blog/ssh-tunnels-on-windows-for-r/ 301
/upcoming-r-microsoft-training-days/ /blog/upcoming-r-for-microsoft-training-days/ 301
/beware-the-microsoft-edge-as-a-pdf-reader/ /blog/beware-the-microsoft-edge-as-a-pdf-reader/ 301
/sqlcardiff-return-beard-2016-03-30/ /blog/sqlcardiff-return-of-the-beard-2016-03-30/ 301
/satrdays-are-go/ /blog/satrdays-are-go/ 301
/r-package-news-tfsr-hibpwned-mockaroo/ /blog/r-package-news-tfsr-hibpwned-mockaroo/ 301
/auto-deploying-documentation-better-change-tracking-artefacts/ /blog/auto-deploying-documentation-better-change-tracking-of-artefacts/ 301
/r-quick-tip-collapse-a-lists-of-data-frames-with-data-table/ /blog/r-quick-tip-collapse-a-lists-of-data.frames-with-data.table/ 301
/shiny-module-design-patterns-pass-module-inputs-modules/ /blog/shiny-module-design-patterns-pass-module-input-to-other-modules/ 301
/using-travis-make-sure-use-github-pat/ /blog/using-travis-make-sure-you-use-a-github-pat/ 301
/shiny-module-design-patterns-pass-module-input-to-other-modules/ /blog/shiny-module-design-patterns-pass-module-inputs-to-other-modules/ 301
/installing-sql-server-odbc-drivers-on-ubuntu-15-04/ /blog/installing-sql-server-odbc-drivers-on-ubuntu-15.04/ 301
/giving-back-code/ /blog/giving-back-with-code/ 301
/recent-presentations/ /blog/recent-presentations/ 301
/satrday-location-voting/ /blog/satrday-location-voting-now-open/ 301
/hibpwned-on-cran/ /blog/hibpwned-on-cran/ 301
/azure-storage-accounts-resource-groups-matter-to-powershell/ /blog/azure-storage-accounts--resource-groups-matter-to-powershell/ 301
/stumbling-into-azure-automation/ /blog/stumbling-into--azure-automation/ 301
/not-an-expert/ /blog/not-an-expert/ 301
/bad-ways-run-user-group/ /blog/bad-ways-to-run-a-user-group/ 301
/ideas-lightning-talks/ /blog/ideas-for-lightning-talks/ 301
/sponsoring-community-events/ /blog/sponsoring-community-events-sce/ 301
/sponsorship-basics/ /blog/sponsorship-basics-sce-p1/ 301
/assessing-sponsorship-opportunities/ /blog/assessing-sponsorship-opportunities-sce-p2/ 301
/being-an-organised-sponsor/ /blog/being-an-organised-sponsor-sce-p3/ 301
/hibpwned-updated-cran/ /blog/hibpwned-updated-on-cran/ 301
/reflections-sql-relay-coming/ /blog/reflections-sql-relay-is-coming/ 301
/2016-pass-board-of-directors-candidate-town-halls/ /blog/2016-pass-board-of-directors-candidate-town-halls/ 301
/unit-testing-in-ssdt-a-quick-intro/ /blog/unit-testing-in-ssdt--a-quick-intro/ 301
/itsalocke-com-now-added-locks/ /blog/itsalocke.com-now-with-added-locks/ 301
/stepping-sql-relay/ /blog/stepping-down-from-sql-relay/ 301
/is-my-time-series-additive-or-multiplicative/ /blog/is-my-time-series-additive-or-multiplicative/ 301
/slack-all-the-things/ /blog/slack-all-the-things/ 301
/5-useful-css-sites/ /blog/5-useful-css-sites/ 301
/girlswithdeeppockets-com/ /blog/girlswithdeeppockets.com/ 301
/experiment-self-promotion-revive-old-posts/ /blog/an-experiment-in-self-promotion--revive-old-posts/ 301
/i-love-azure-functions/ /blog/i-love-azure-functions/ 301
/going-solo/ /blog/going-solo/ 301
/talking-data-and-docker/ /blog/talking-data-and-docker/ 301
/quick-tip-knitr-python-windows-setup-checklist/ /blog/quick-tip-knitr-python-windows-setup-checklist/ 301
/community-r-workshops/ /blog/community-workshops/ 301
/community-workshops/ /blog/community-workshops/ 301
/logistic-regressions-r/ /blog/logistic-regressions-in-r/ 301
/getting-started-with-data-science-recommended-resources/ /blog/getting-started-with-data-science--recommended-resources/ 301
/the-making-of-datasaurus/ /blog/the-making-of-datasaurus/ 301
/error-installing-latest-r-version-3-4-0-windows/ /blog/error-installing-latest-r-version-3.4.0-on-windows/ 301
/minor-update-hibpwned/ /blog/minor-update-to-hibpwned/ 301
/datasaurus-now-cran/ /blog/datasaurus-now-on-cran/ 301
/r-data-science-activities-london-june-27th-29th/ /blog/r-and-data-science-activities-in-london-june-27th--29th/ 301
/improving-automatic-document-production-with-r/ /blog/improving-automatic-document-production-with-r/ 301
/versioning-r-model-objects-in-sql-server/ /blog/versioning-r-model-objects-in-sql-server/ 301
/why-data-people-dont-do-devops/ /blog/why-data-people-dont-do-devops/ 301
/change-no-match-found-no-code-qa-bot/ /blog/how-to-change-no-match-found-on-your-no-code-qa-bot/ 301
/using-purrr-with-apis/ /blog/using-purrr-with-apis--revamping-my-code/ 301
/presentation-site-hugo-walkthrough/ /blog/all-my-talks-in-one-place-plus-a-hugo-walkthrough/ 301
/battle-beards-march-29th/ https://battleofthebeards.info 301
/battle-beards-now-online/ https://battleofthebeards.info 301
/throw-1-speak-1/ /blog/organised-speaking--throw-1-speak-1 301
/organised-speaking-iterative-development/ /blog/organised-speaking--presentation-design/ 301
/some-basic-web-scraping-in-r/ /blog/conference-sessions--basic-web-scraping-in-r/ 301
/r-package-haveibeenpwned-com/ /blog/hibpwned-an-r-package-for-haveibeenpwned.com/ 301
/shiny-module-design-pattern-pass-inputs-one-module-another/ /blog/shiny-module-design-patterns-pass-module-inputs-to-other-modules/ 301
/satrdays-voting-closes-may-31st/ /blog/#satrdays-voting-closes-may-31st/ 301
/use-rprofile-give-important-notifications/ /blog/use-your-.rprofile-to-give-you-important-notifications/ 301
/pass-summit-2016-submissions-feedback/ /blog/my-pass-#summit2016-submissions-feedback/ 301
/first-gamemaker-game/ /blog/finished-my-first-gamemaker-game/ 301
/passing-values-bash-script/ /blog/quick-tip-passing-values-to-a-bash-script/ 301
/note-potential-new-speakers-ok-not-perfect/ /blog/a-note-to-potential-new-speakers-its-ok-not-to-be-perfect/ 301
/my-first-mvp-summit/ /blog/my-first-mvp-summit--a-fantastic-reminder/ 301
/crisp-dm/ /blog/crisp-dm-and-why-you-should-know-about-it/ 301
/microsoft-cognitive-services-text-analytics-api/ /blog/r-quick-tip-microsoft-cognitive-services-text-analytics-api/ 301
/building-booth-presence/ /blog/building-your-booth-presence-sce-p4/ 301
/r-training-environment/ /blog/building-an-r-training-environment/ 301
/table-parameters-rmarkdown-reports/ /blog/r-quick-tip-table-parameters-for-rmarkdown-reports/ 301
/upload-multiple-files-in-shiny-and-consolidate-into-a-dataset/ /blog/r-quick-tip-upload-multiple-files-in-shiny-and-consolidate-into-a-dataset/ 301
/r-quick-tip-sequential-yaml-headers-rmarkdown-parameter-re-use/ /blog/r-quick-tip-parameter-re-use-within-rmarkdown-yaml/ 301
/interpreting-regression-coefficients/ /blog/how-to-go-about-interpreting-regression-coefficients/ 301
/blog/introducing-python-for-data-scientist---pt1 /blog/introducing-python-for-data-scientists---pt1 301

# talk redirects
/cloud-cost-effective/ /talks/post/cloud-cost-effective/ 301
/coping-with-growth/ /talks/post/coping-with-growth/ 301
/power-bi-painpoints/ /talks/post/power-bi-painpoints/ 301
/data-science-executive-briefing/ /talks/post/data-science-executive-briefing/ 301
/r-and-sql-server/ /talks/post/r-and-sql-server/ 301
/data-docker-discombobulating/ /talks/post/data-docker-discombobulating/ 301
/failing-my-way-to-success-with-azure/ /talks/post/failing-my-way-to-success-with-azure/ 301
/anchor-models/ /talks/post/anchor-models/ 301
/logistic-regressions-in-r/ /talks/post/logistic-regressions-in-r/ 301
/datatable-powerhour/ /talks/post/datatable-powerhour/ 301
/datatable-in-5/ /talks/post/datatable-in-5/ 301
/the-you-in-community/ /talks/post/the-you-in-community/ 301
/reproducible-r-docs-in-github/ /talks/post/reproducible-r-docs-in-github/ 301
/personal-branding/ /talks/post/personal-branding/ 301
/microsoft-sql-server-and-r-services/ /talks/post/microsoft-sql-server-and-r-services/ 301
/board-packs/ /talks/post/board-packs/ 301
/infrastructure-for-rpeeps/ /talks/post/infrastructure-for-rpeeps/ 301
/git-in-5/ /talks/post/git-in-5/ 301
/getting-better-with-data/ /talks/post/getting-better-with-data/ 301
/cut-the-r-learning-curve/ /talks/post/cut-the-r-learning-curve/ 301
/being-lazy-with-infrastructure/ /talks/post/being-lazy-with-infrastructure/ 301
/skilling-up-to-code-with-data/ /talks/post/skilling-up-to-code-with-data/ 301
/stats-101/ /talks/post/stats-101/ 301
/analytical-web-services/ /talks/post/analytical-web-services/ 301
/knowing-rs-from-elbow/ /talks/post/knowing-rs-from-elbow/ 301
/r-for-developers/ /talks/post/r-for-developers/ 301
/agile-bi/ /talks/post/agile-bi/ 301
/intro-to-r/ /talks/post/intro-to-r/ 301

# rss redirects
/feed /blog/index.xml 301
/category/r/feed/ /blog/categories/r/index.xml 301

# general redirects
/contact-us-page /#contact 301
# /talks /talks/ 301

# page redirects
/about-us /company/aboutus 301
/upcoming-events /#calendar 301
/model-audits /company/peerreview 301
/data-science-readiness /company/readiness 301

# slides redirects
/slides/stats101_files/revealjs/* /slides/revealjs/:splat 301

# learnr redirects
/learnr/week01_learnr /learnr/week01_learnrandrstudio 301
/learnr/week03_datatypes /learnr/week02_datatypesandpopquiz 301

# training redirects
/company/recommendedtraining/ /training/recommendedtraining/ 301
/company/onlinetraining/ /training/onlinetraining/ 301
/company/customtraining /training/customtraining 301
